Workbook

Sheet Исполнение
B2: Основные данные | F2: Балансовая стоимость | J2: Финансово-экономический анализ | W2: Наименование | X2: Данные поступления в реестр | AD2: Согласование | AL2: Оплата | AP2: АКТ / Факт | AU2: Связка с ЦФУ | BA2: Связка ОФЗ | BF2: Страхование | BK2: Закрытие
B3: № п/п | C3: Код позиции (группы) КС | D3: № | E3: Наименование исполнителя | F3: Дата поступления | G3: Признак № | H3: Признак ненаступления | I3: № договора (в работе) | J3: Дата закрытия | K3: № в реестре | L3: Итого после связки | M3: Итого остаток | N3: Остаток по позиции | O3: Сдано КС | P3: № договора при закрытии | Q3: Наименование исполнителя при закрытии | R3: Тип лимита позиции | S3: % исполнения по позиции | T3: Тип работ | U3: КАД | V3: ИНН исполнителя (позиции) КС | W3: Наименование объекта | X3: Дата поступления на СФ в 1С | Y3: КАД-СФ | Z3: ИНН исполнителя | AA3: Дата решения по СФ (позиция) | AB3: КАД | AC3: ИНН исполнителя | AD3: Дата согласования | AE3: КАД | AF3: Признак подписания | AG3: КАД (в экспертизе) | AH3: ИНН исполнителя | AI3: Дата экспертизы | AJ3: КАД | AK3: ИНН исполнителя | AL3: Дата оплаты | AM3: Признак оплаты | AN3: ИНН при оплате | AO3: Примечание | AP3: Дата поступления | AQ3: № документа | AR3: Флаг завершения | AS3: Сумма, тыс руб | AT3: Примечание к факту | AU3: Дата поступления | AV3: КАД-СФ | AW3: Признак исполнения | AX3: Сумма связки с ЦФУ, тыс | AY3: Итого связка | AZ3: Дата связки | BA3: Дата поступления ОФЗ | BB3: КАД-СФ | BC3: ИНН исполнителя | BD3: КАД | BE3: ИНН исполнителя ОФЗ | BF3: Дата поступления | BG3: КАД | BH3: ИНН исполнителя | BI3: ИНН страхования | BJ3: % исполнения страх. | BK3: Дата поступления | BL3: КАД-СФ | BM3: Тип завершения | BN3: Примечание к закрытию
B4: 6 | C4: К 28.48.05 | D4: =IF(C4="","",1) -> 1 | E4: =IFERROR(VLOOKUP($C4,Справочник!$B$2:$F$13,3),"") -> ИП YYY | F4: 44975 | G4: =IF(AND(C4>0,J4="",AR4=""),1,"") | I4: =IF(AND(F4>0,J4="",AR4=""),IFERROR(VLOOKUP($C4,Справочник!$B$2:$F$13,2),""),"") | J4: 44984 | K4: 6 | O4: =IF(J4="","",D4) -> 1 | P4: =IF(J4>0,IFERROR(VLOOKUP($C4,Справочник!$B$2:$F$13,2),""),"") -> ДГ-003/2023 | Q4: =IF(J4>0,E4,"") -> ИП YYY | R4: КС | S4: 1 | T4: Подряд КС | V4: =IFERROR(VLOOKUP($C4,Справочник!$B$2:$F$13,4),"") -> 772011223344 | W4: Ремонт кровли корпуса А | X4: 44987 | Y4: =IF(X4="","",O4) -> 1 | Z4: =IF(X4>0,E4,"") -> ИП YYY | AA4: 44987 | AB4: =IF(AND(AA4>0,AD4="",AR4=""),Y4,"") | AC4: =IF(AND(AA4>0,AD4="",AR4=""),Z4,"") | AD4: 44988 | AE4: =IF(AD4="","",Y4) -> 1 | AF4: Подписан КС | AG4: =IF(AND(AD4>0,AI4="",AR4=""),Y4,"") | AH4: =IF(AND(AD4>0,AI4="",AR4=""),Z4,"") | AI4: 44989 | AJ4: =IF(AND(AI4>0,AL4="",AR4=""),Y4,"") | AK4: =IF(AND(AI4>0,AL4="",AR4=""),Z4,"") | AM4: =IF(AND(AL4>0,AR4="",AU4=""),D4,"") | AN4: =IF(AND(AL4>0,AP4="",AR4=""),Z4,"") | AP4: 45253 | AQ4: 118 | AR4: 1 | AS4: 2170 | AT4: По договору | AU4: 45314 | AV4: =IF(AU4="","",D4) -> 1 | AW4: по | AX4: 2170 | AY4: =IF(AU4>0,AX4,"") -> 2170 | AZ4: =IF(AU4>0,AU4,"") -> 45314 | BA4: 45327 | BB4: =IF(BA4="","",O4) -> 1 | BC4: =IF(BA4>0,E4,"") -> ИП YYY | BD4: =IF(AND(BA4>0,BF4="",AR4=""),BB4,"") | BE4: =IF(BD4="","",E4) | BG4: =IF(AND(BF4>0,BK4="",AR4=""),BB4,"") | BH4: =IF(BG4="","",E4) | BK4: 45352 | BL4: =IF(BK4="","",D4) -> 1 | BM4: =IF(BK4>0,Q4,"") -> ИП YYY | BN4: Сопроводительное по КС
B5: 7 | C5: К 28.48.05 | D5: =IF(C5="","",1) -> 1 | E5: =IFERROR(VLOOKUP($C5,Справочник!$B$2:$F$13,3),"") -> ИП YYY | F5: 44975 | G5: =IF(AND(C5>0,J5="",AR5=""),1,"") | I5: =IF(AND(F5>0,J5="",AR5=""),IFERROR(VLOOKUP($C5,Справочник!$B$2:$F$13,2),""),"") | J5: 44984 | K5: 7 | O5: =IF(J5="","",D5) -> 1 | P5: =IF(J5>0,IFERROR(VLOOKUP($C5,Справочник!$B$2:$F$13,2),""),"") -> ДГ-003/2023 | Q5: =IF(J5>0,E5,"") -> ИП YYY | R5: КС | S5: 1 | T5: Подряд КС | V5: =IFERROR(VLOOKUP($C5,Справочник!$B$2:$F$13,4),"") -> 772011223344 | W5: Замена окон корпуса А | X5: 44987 | Y5: =IF(X5="","",O5) -> 1 | Z5: =IF(X5>0,E5,"") -> ИП YYY | AA5: 44987 | AB5: =IF(AND(AA5>0,AD5="",AR5=""),Y5,"") | AC5: =IF(AND(AA5>0,AD5="",AR5=""),Z5,"") | AD5: 44988 | AE5: =IF(AD5="","",Y5) -> 1 | AF5: Подписан КС | AG5: =IF(AND(AD5>0,AI5="",AR5=""),Y5,"") | AH5: =IF(AND(AD5>0,AI5="",AR5=""),Z5,"") | AI5: 44989 | AJ5: =IF(AND(AI5>0,AL5="",AR5=""),Y5,"") | AK5: =IF(AND(AI5>0,AL5="",AR5=""),Z5,"") | AM5: =IF(AND(AL5>0,AR5="",AU5=""),D5,"") | AN5: =IF(AND(AL5>0,AP5="",AR5=""),Z5,"") | AP5: 45253 | AQ5: 119 | AR5: 1 | AS5: 2190 | AT5: По договору | AU5: 45314 | AV5: =IF(AU5="","",D5) -> 1 | AW5: по | AX5: 2190 | AY5: =IF(AU5>0,AX5,"") -> 2190 | AZ5: =IF(AU5>0,AU5,"") -> 45314 | BA5: 45327 | BB5: =IF(BA5="","",O5) -> 1 | BC5: =IF(BA5>0,E5,"") -> ИП YYY | BD5: =IF(AND(BA5>0,BF5="",AR5=""),BB5,"") | BE5: =IF(BD5="","",E5) | BG5: =IF(AND(BF5>0,BK5="",AR5=""),BB5,"") | BH5: =IF(BG5="","",E5) | BK5: 45352 | BL5: =IF(BK5="","",D5) -> 1 | BM5: =IF(BK5>0,Q5,"") -> ИП YYY | BN5: Сопроводительное по КС
B6: 13 | C6: К 26.45.07 | D6: =IF(C6="","",1) -> 1 | E6: =IFERROR(VLOOKUP($C6,Справочник!$B$2:$F$13,3),"") -> ИП YYY | F6: 44982 | G6: =IF(AND(C6>0,J6="",AR6=""),1,"") | I6: =IF(AND(F6>0,J6="",AR6=""),IFERROR(VLOOKUP($C6,Справочник!$B$2:$F$13,2),""),"") | J6: 44990 | K6: 13 | O6: =IF(J6="","",D6) -> 1 | P6: =IF(J6>0,IFERROR(VLOOKUP($C6,Справочник!$B$2:$F$13,2),""),"") -> ДГ-003/2023 | Q6: =IF(J6>0,E6,"") -> ИП YYY | R6: КС | S6: 1 | T6: Подряд КС | V6: =IFERROR(VLOOKUP($C6,Справочник!$B$2:$F$13,4),"") -> 772011223344 | W6: Установка оборудования | X6: 44992 | Y6: =IF(X6="","",O6) -> 1 | Z6: =IF(X6>0,E6,"") -> ИП YYY | AA6: 44992 | AB6: =IF(AND(AA6>0,AD6="",AR6=""),Y6,"") | AC6: =IF(AND(AA6>0,AD6="",AR6=""),Z6,"") | AD6: 44993 | AE6: =IF(AD6="","",Y6) -> 1 | AF6: Подписан КС | AG6: =IF(AND(AD6>0,AI6="",AR6=""),Y6,"") | AH6: =IF(AND(AD6>0,AI6="",AR6=""),Z6,"") | AI6: 44995 | AJ6: =IF(AND(AI6>0,AL6="",AR6=""),Y6,"") | AK6: =IF(AND(AI6>0,AL6="",AR6=""),Z6,"") | AM6: =IF(AND(AL6>0,AR6="",AU6=""),D6,"") | AN6: =IF(AND(AL6>0,AP6="",AR6=""),Z6,"") | AP6: 45275 | AQ6: 95 | AR6: 1 | AS6: 450 | AT6: По договору | AU6: 45352 | AV6: =IF(AU6="","",D6) -> 1 | AW6: по | AX6: 450 | AY6: =IF(AU6>0,AX6,"") -> 450 | AZ6: =IF(AU6>0,AU6,"") -> 45352 | BB6: =IF(BA6="","",O6) | BC6: =IF(BA6>0,E6,"") | BD6: =IF(AND(BA6>0,BF6="",AR6=""),BB6,"") | BE6: =IF(BD6="","",E6) | BG6: =IF(AND(BF6>0,BK6="",AR6=""),BB6,"") | BH6: =IF(BG6="","",E6) | BK6: 45392 | BL6: =IF(BK6="","",D6) -> 1 | BM6: =IF(BK6>0,Q6,"") -> ИП YYY | BN6: Сопроводительное по КС
B7: 21 | C7: ФЗ 38.27.10 | D7: =IF(C7="","",1) -> 1 | E7: =IFERROR(VLOOKUP($C7,Справочник!$B$2:$F$13,3),"") -> АО «NNN» | F7: 44986 | G7: =IF(AND(C7>0,J7="",AR7=""),1,"") | I7: =IF(AND(F7>0,J7="",AR7=""),IFERROR(VLOOKUP($C7,Справочник!$B$2:$F$13,2),""),"") | J7: 45005 | K7: 21 | O7: =IF(J7="","",D7) -> 1 | P7: =IF(J7>0,IFERROR(VLOOKUP($C7,Справочник!$B$2:$F$13,2),""),"") -> ДГ-012/2023 | Q7: =IF(J7>0,E7,"") -> АО «NNN» | R7: ФЗ-44 | S7: 1 | T7: Поставка | V7: =IFERROR(VLOOKUP($C7,Справочник!$B$2:$F$13,4),"") -> 7724567890 | W7: Разработка программного модуля | X7: 45007 | Y7: =IF(X7="","",O7) -> 1 | Z7: =IF(X7>0,E7,"") -> АО «NNN» | AA7: 45007 | AB7: =IF(AND(AA7>0,AD7="",AR7=""),Y7,"") | AC7: =IF(AND(AA7>0,AD7="",AR7=""),Z7,"") | AD7: 45008 | AE7: =IF(AD7="","",Y7) -> 1 | AF7: Подписан | AG7: =IF(AND(AD7>0,AI7="",AR7=""),Y7,"") | AH7: =IF(AND(AD7>0,AI7="",AR7=""),Z7,"") | AI7: 45010 | AJ7: =IF(AND(AI7>0,AL7="",AR7=""),Y7,"") | AK7: =IF(AND(AI7>0,AL7="",AR7=""),Z7,"") | AM7: =IF(AND(AL7>0,AR7="",AU7=""),D7,"") | AN7: =IF(AND(AL7>0,AP7="",AR7=""),Z7,"") | AP7: 45280 | AQ7: 102 | AR7: 1 | AS7: 3800 | AT7: Не предусмотрено договором | AU7: 45306 | AV7: =IF(AU7="","",D7) -> 1 | AW7: по | AX7: 3800 | AY7: =IF(AU7>0,AX7,"") -> 3800 | AZ7: =IF(AU7>0,AU7,"") -> 45306 | BA7: 45323 | BB7: =IF(BA7="","",O7) -> 1 | BC7: =IF(BA7>0,E7,"") -> АО «NNN» | BD7: =IF(AND(BA7>0,BF7="",AR7=""),BB7,"") | BE7: =IF(BD7="","",E7) | BG7: =IF(AND(BF7>0,BK7="",AR7=""),BB7,"") | BH7: =IF(BG7="","",E7) | BL7: =IF(BK7="","",D7) | BM7: =IF(BK7>0,Q7,"")
B8: 23 | C8: ФЗ 38.27.08 | D8: =IF(C8="","",1) -> 1 | E8: =IFERROR(VLOOKUP($C8,Справочник!$B$2:$F$13,3),"") -> ООО «DDD» | F8: 44990 | G8: =IF(AND(C8>0,J8="",AR8=""),1,"") | I8: =IF(AND(F8>0,J8="",AR8=""),IFERROR(VLOOKUP($C8,Справочник!$B$2:$F$13,2),""),"") | J8: 45010 | K8: 23 | O8: =IF(J8="","",D8) -> 1 | P8: =IF(J8>0,IFERROR(VLOOKUP($C8,Справочник!$B$2:$F$13,2),""),"") -> ДГ-006/2023 | Q8: =IF(J8>0,E8,"") -> ООО «DDD» | R8: ФЗ-44 | S8: 1 | T8: Услуги | V8: =IFERROR(VLOOKUP($C8,Справочник!$B$2:$F$13,4),"") -> 7706543217 | W8: Сервисное обслуживание систем | X8: 45012 | Y8: =IF(X8="","",O8) -> 1 | Z8: =IF(X8>0,E8,"") -> ООО «DDD» | AA8: 45012 | AB8: =IF(AND(AA8>0,AD8="",AR8=""),Y8,"") | AC8: =IF(AND(AA8>0,AD8="",AR8=""),Z8,"") | AD8: 45013 | AE8: =IF(AD8="","",Y8) -> 1 | AF8: Подписан | AG8: =IF(AND(AD8>0,AI8="",AR8=""),Y8,"") | AH8: =IF(AND(AD8>0,AI8="",AR8=""),Z8,"") | AI8: 45015 | AJ8: =IF(AND(AI8>0,AL8="",AR8=""),Y8,"") | AK8: =IF(AND(AI8>0,AL8="",AR8=""),Z8,"") | AM8: =IF(AND(AL8>0,AR8="",AU8=""),D8,"") | AN8: =IF(AND(AL8>0,AP8="",AR8=""),Z8,"") | AP8: 45301 | AQ8: 77 | AR8: 1 | AS8: 2700 | AT8: По договору | AU8: 45332 | AV8: =IF(AU8="","",D8) -> 1 | AW8: по | AX8: 2700 | AY8: =IF(AU8>0,AX8,"") -> 2700 | AZ8: =IF(AU8>0,AU8,"") -> 45332 | BA8: 45352 | BB8: =IF(BA8="","",O8) -> 1 | BC8: =IF(BA8>0,E8,"") -> ООО «DDD» | BD8: =IF(AND(BA8>0,BF8="",AR8=""),BB8,"") | BE8: =IF(BD8="","",E8) | BG8: =IF(AND(BF8>0,BK8="",AR8=""),BB8,"") | BH8: =IF(BG8="","",E8) | BL8: =IF(BK8="","",D8) | BM8: =IF(BK8>0,Q8,"")
B9: 28 | C9: ФЗ 38.27.05 | D9: =IF(C9="","",1) -> 1 | E9: =IFERROR(VLOOKUP($C9,Справочник!$B$2:$F$13,3),"") -> ИП YYY | F9: 44995 | G9: =IF(AND(C9>0,J9="",AR9=""),1,"") | I9: =IF(AND(F9>0,J9="",AR9=""),IFERROR(VLOOKUP($C9,Справочник!$B$2:$F$13,2),""),"") | J9: 45021 | K9: 28 | O9: =IF(J9="","",D9) -> 1 | P9: =IF(J9>0,IFERROR(VLOOKUP($C9,Справочник!$B$2:$F$13,2),""),"") -> ДГ-003/2023 | Q9: =IF(J9>0,E9,"") -> ИП YYY | R9: ФЗ-44 | S9: 1 | T9: Поставка | V9: =IFERROR(VLOOKUP($C9,Справочник!$B$2:$F$13,4),"") -> 772011223344 | W9: Поставка серверного оборудования | X9: 45023 | Y9: =IF(X9="","",O9) -> 1 | Z9: =IF(X9>0,E9,"") -> ИП YYY | AA9: 45023 | AB9: =IF(AND(AA9>0,AD9="",AR9=""),Y9,"") | AC9: =IF(AND(AA9>0,AD9="",AR9=""),Z9,"") | AD9: 45024 | AE9: =IF(AD9="","",Y9) -> 1 | AF9: Подписан | AG9: =IF(AND(AD9>0,AI9="",AR9=""),Y9,"") | AH9: =IF(AND(AD9>0,AI9="",AR9=""),Z9,"") | AI9: 45026 | AJ9: =IF(AND(AI9>0,AL9="",AR9=""),Y9,"") | AK9: =IF(AND(AI9>0,AL9="",AR9=""),Z9,"") | AM9: =IF(AND(AL9>0,AR9="",AU9=""),D9,"") | AN9: =IF(AND(AL9>0,AP9="",AR9=""),Z9,"") | AP9: 45323 | AQ9: 88 | AR9: 1 | AS9: 4100 | AT9: По договору | AU9: 45356 | AV9: =IF(AU9="","",D9) -> 1 | AW9: по | AX9: 4100 | AY9: =IF(AU9>0,AX9,"") -> 4100 | AZ9: =IF(AU9>0,AU9,"") -> 45356 | BA9: 45371 | BB9: =IF(BA9="","",O9) -> 1 | BC9: =IF(BA9>0,E9,"") -> ИП YYY | BD9: =IF(AND(BA9>0,BF9="",AR9=""),BB9,"") | BE9: =IF(BD9="","",E9) | BG9: =IF(AND(BF9>0,BK9="",AR9=""),BB9,"") | BH9: =IF(BG9="","",E9) | BL9: =IF(BK9="","",D9) | BM9: =IF(BK9>0,Q9,"")
B10: 31 | C10: К 26.45.01 | D10: =IF(C10="","",1) -> 1 | E10: =IFERROR(VLOOKUP($C10,Справочник!$B$2:$F$13,3),"") | F10: 45000 | G10: =IF(AND(C10>0,J10="",AR10=""),1,"") | I10: =IF(AND(F10>0,J10="",AR10=""),IFERROR(VLOOKUP($C10,Справочник!$B$2:$F$13,2),""),"") | J10: 45026 | K10: 31 | O10: =IF(J10="","",D10) -> 1 | P10: =IF(J10>0,IFERROR(VLOOKUP($C10,Справочник!$B$2:$F$13,2),""),"") | Q10: =IF(J10>0,E10,"") | R10: КС | S10: 1 | T10: Подряд КС | V10: =IFERROR(VLOOKUP($C10,Справочник!$B$2:$F$13,4),"") | W10: Прокладка кабелей связи | X10: 45028 | Y10: =IF(X10="","",O10) -> 1 | Z10: =IF(X10>0,E10,"") | AA10: 45028 | AB10: =IF(AND(AA10>0,AD10="",AR10=""),Y10,"") | AC10: =IF(AND(AA10>0,AD10="",AR10=""),Z10,"") | AD10: 45029 | AE10: =IF(AD10="","",Y10) -> 1 | AF10: Подписан КС | AG10: =IF(AND(AD10>0,AI10="",AR10=""),Y10,"") | AH10: =IF(AND(AD10>0,AI10="",AR10=""),Z10,"") | AI10: 45031 | AJ10: =IF(AND(AI10>0,AL10="",AR10=""),Y10,"") | AK10: =IF(AND(AI10>0,AL10="",AR10=""),Z10,"") | AM10: =IF(AND(AL10>0,AR10="",AU10=""),D10,"") | AN10: =IF(AND(AL10>0,AP10="",AR10=""),Z10,"") | AP10: 45337 | AQ10: 55 | AR10: 1 | AS10: 6500 | AT10: По договору | AU10: 45361 | AV10: =IF(AU10="","",D10) -> 1 | AW10: по | AX10: 6500 | AY10: =IF(AU10>0,AX10,"") -> 6500 | AZ10: =IF(AU10>0,AU10,"") -> 45361 | BA10: 45383 | BB10: =IF(BA10="","",O10) -> 1 | BC10: =IF(BA10>0,E10,"") | BD10: =IF(AND(BA10>0,BF10="",AR10=""),BB10,"") | BE10: =IF(BD10="","",E10) | BG10: =IF(AND(BF10>0,BK10="",AR10=""),BB10,"") | BH10: =IF(BG10="","",E10) | BL10: =IF(BK10="","",D10) | BM10: =IF(BK10>0,Q10,"")
B11: 61 | C11: К 26.45.01 | D11: =IF(C11="","",1) -> 1 | E11: =IFERROR(VLOOKUP($C11,Справочник!$B$2:$F$13,3),"") | F11: 45021 | G11: =IF(AND(C11>0,J11="",AR11=""),1,"") | I11: =IF(AND(F11>0,J11="",AR11=""),IFERROR(VLOOKUP($C11,Справочник!$B$2:$F$13,2),""),"") | J11: 45044 | K11: 61 | O11: =IF(J11="","",D11) -> 1 | P11: =IF(J11>0,IFERROR(VLOOKUP($C11,Справочник!$B$2:$F$13,2),""),"") | Q11: =IF(J11>0,E11,"") | R11: КС | S11: 1 | T11: Подряд КС | V11: =IFERROR(VLOOKUP($C11,Справочник!$B$2:$F$13,4),"") | W11: Сдача объекта заказчику | X11: 45046 | Y11: =IF(X11="","",O11) -> 1 | Z11: =IF(X11>0,E11,"") | AA11: 45046 | AB11: =IF(AND(AA11>0,AD11="",AR11=""),Y11,"") | AC11: =IF(AND(AA11>0,AD11="",AR11=""),Z11,"") | AD11: 45047 | AE11: =IF(AD11="","",Y11) -> 1 | AF11: Подписан КС | AG11: =IF(AND(AD11>0,AI11="",AR11=""),Y11,"") | AH11: =IF(AND(AD11>0,AI11="",AR11=""),Z11,"") | AI11: 45049 | AJ11: =IF(AND(AI11>0,AL11="",AR11=""),Y11,"") | AK11: =IF(AND(AI11>0,AL11="",AR11=""),Z11,"") | AM11: =IF(AND(AL11>0,AR11="",AU11=""),D11,"") | AN11: =IF(AND(AL11>0,AP11="",AR11=""),Z11,"") | AP11: 45352 | AQ11: 41 | AR11: 1 | AS11: 6500 | AT11: По договору | AU11: 45383 | AV11: =IF(AU11="","",D11) -> 1 | AW11: по | AX11: 6500 | AY11: =IF(AU11>0,AX11,"") -> 6500 | AZ11: =IF(AU11>0,AU11,"") -> 45383 | BA11: 45397 | BB11: =IF(BA11="","",O11) -> 1 | BC11: =IF(BA11>0,E11,"") | BD11: =IF(AND(BA11>0,BF11="",AR11=""),BB11,"") | BE11: =IF(BD11="","",E11) | BG11: =IF(AND(BF11>0,BK11="",AR11=""),BB11,"") | BH11: =IF(BG11="","",E11) | BL11: =IF(BK11="","",D11) | BM11: =IF(BK11>0,Q11,"")
B12: 9 | C12: К 28.48.04 | D12: =IF(C12="","",1) -> 1 | E12: =IFERROR(VLOOKUP($C12,Справочник!$B$2:$F$13,3),"") -> ИП YYY | F12: 44978 | G12: =IF(AND(C12>0,J12="",AR12=""),1,"") | I12: =IF(AND(F12>0,J12="",AR12=""),IFERROR(VLOOKUP($C12,Справочник!$B$2:$F$13,2),""),"") | J12: 44986 | K12: 9 | O12: =IF(J12="","",D12) -> 1 | P12: =IF(J12>0,IFERROR(VLOOKUP($C12,Справочник!$B$2:$F$13,2),""),"") -> ДГ-003/2023 | Q12: =IF(J12>0,E12,"") -> ИП YYY | R12: КС | T12: Подряд КС | V12: =IFERROR(VLOOKUP($C12,Справочник!$B$2:$F$13,4),"") -> 772011223344 | W12: Монтаж вентиляционной системы | X12: 44988 | Y12: =IF(X12="","",O12) -> 1 | Z12: =IF(X12>0,E12,"") -> ИП YYY | AA12: 44988 | AB12: =IF(AND(AA12>0,AD12="",AR12=""),Y12,"") | AC12: =IF(AND(AA12>0,AD12="",AR12=""),Z12,"") | AD12: 44988 | AE12: =IF(AD12="","",Y12) -> 1 | AF12: Подписан КС | AG12: =IF(AND(AD12>0,AI12="",AR12=""),Y12,"") -> 1 | AH12: =IF(AND(AD12>0,AI12="",AR12=""),Z12,"") -> ИП YYY | AJ12: =IF(AND(AI12>0,AL12="",AR12=""),Y12,"") | AK12: =IF(AND(AI12>0,AL12="",AR12=""),Z12,"") | AM12: =IF(AND(AL12>0,AR12="",AU12=""),D12,"") | AN12: =IF(AND(AL12>0,AP12="",AR12=""),Z12,"") | AV12: =IF(AU12="","",D12) | AY12: =IF(AU12>0,AX12,"") | AZ12: =IF(AU12>0,AU12,"") | BB12: =IF(BA12="","",O12) | BC12: =IF(BA12>0,E12,"") | BD12: =IF(AND(BA12>0,BF12="",AR12=""),BB12,"") | BE12: =IF(BD12="","",E12) | BG12: =IF(AND(BF12>0,BK12="",AR12=""),BB12,"") | BH12: =IF(BG12="","",E12) | BL12: =IF(BK12="","",D12) | BM12: =IF(BK12>0,Q12,"")
B13: 11 | C13: К 28.48.04 | D13: =IF(C13="","",1) -> 1 | E13: =IFERROR(VLOOKUP($C13,Справочник!$B$2:$F$13,3),"") -> ИП YYY | F13: 44978 | G13: =IF(AND(C13>0,J13="",AR13=""),1,"") | I13: =IF(AND(F13>0,J13="",AR13=""),IFERROR(VLOOKUP($C13,Справочник!$B$2:$F$13,2),""),"") | J13: 44986 | K13: 11 | O13: =IF(J13="","",D13) -> 1 | P13: =IF(J13>0,IFERROR(VLOOKUP($C13,Справочник!$B$2:$F$13,2),""),"") -> ДГ-003/2023 | Q13: =IF(J13>0,E13,"") -> ИП YYY | R13: КС | T13: Подряд КС | V13: =IFERROR(VLOOKUP($C13,Справочник!$B$2:$F$13,4),"") -> 772011223344 | W13: Реконструкция фасада здания | X13: 44988 | Y13: =IF(X13="","",O13) -> 1 | Z13: =IF(X13>0,E13,"") -> ИП YYY | AA13: 44988 | AB13: =IF(AND(AA13>0,AD13="",AR13=""),Y13,"") | AC13: =IF(AND(AA13>0,AD13="",AR13=""),Z13,"") | AD13: 44989 | AE13: =IF(AD13="","",Y13) -> 1 | AF13: Подписан КС | AG13: =IF(AND(AD13>0,AI13="",AR13=""),Y13,"") -> 1 | AH13: =IF(AND(AD13>0,AI13="",AR13=""),Z13,"") -> ИП YYY | AJ13: =IF(AND(AI13>0,AL13="",AR13=""),Y13,"") | AK13: =IF(AND(AI13>0,AL13="",AR13=""),Z13,"") | AM13: =IF(AND(AL13>0,AR13="",AU13=""),D13,"") | AN13: =IF(AND(AL13>0,AP13="",AR13=""),Z13,"") | AV13: =IF(AU13="","",D13) | AY13: =IF(AU13>0,AX13,"") | AZ13: =IF(AU13>0,AU13,"") | BB13: =IF(BA13="","",O13) | BC13: =IF(BA13>0,E13,"") | BD13: =IF(AND(BA13>0,BF13="",AR13=""),BB13,"") | BE13: =IF(BD13="","",E13) | BG13: =IF(AND(BF13>0,BK13="",AR13=""),BB13,"") | BH13: =IF(BG13="","",E13) | BL13: =IF(BK13="","",D13) | BM13: =IF(BK13>0,Q13,"")
B14: 22 | C14: ФЗ 38.27.09 | D14: =IF(C14="","",1) -> 1 | E14: =IFERROR(VLOOKUP($C14,Справочник!$B$2:$F$13,3),"") -> АО «NNN» | F14: 44986 | G14: =IF(AND(C14>0,J14="",AR14=""),1,"") | I14: =IF(AND(F14>0,J14="",AR14=""),IFERROR(VLOOKUP($C14,Справочник!$B$2:$F$13,2),""),"") | J14: 45005 | K14: 22 | O14: =IF(J14="","",D14) -> 1 | P14: =IF(J14>0,IFERROR(VLOOKUP($C14,Справочник!$B$2:$F$13,2),""),"") -> ДГ-012/2023 | Q14: =IF(J14>0,E14,"") -> АО «NNN» | R14: ФЗ-44 | T14: Услуги | V14: =IFERROR(VLOOKUP($C14,Справочник!$B$2:$F$13,4),"") -> 7724567890 | W14: Интеграция API информационной системы | X14: 45008 | Y14: =IF(X14="","",O14) -> 1 | Z14: =IF(X14>0,E14,"") -> АО «NNN» | AA14: 45008 | AB14: =IF(AND(AA14>0,AD14="",AR14=""),Y14,"") -> 1 | AC14: =IF(AND(AA14>0,AD14="",AR14=""),Z14,"") -> АО «NNN» | AE14: =IF(AD14="","",Y14) | AG14: =IF(AND(AD14>0,AI14="",AR14=""),Y14,"") | AH14: =IF(AND(AD14>0,AI14="",AR14=""),Z14,"") | AJ14: =IF(AND(AI14>0,AL14="",AR14=""),Y14,"") | AK14: =IF(AND(AI14>0,AL14="",AR14=""),Z14,"") | AM14: =IF(AND(AL14>0,AR14="",AU14=""),D14,"") | AN14: =IF(AND(AL14>0,AP14="",AR14=""),Z14,"") | AV14: =IF(AU14="","",D14) | AY14: =IF(AU14>0,AX14,"") | AZ14: =IF(AU14>0,AU14,"") | BB14: =IF(BA14="","",O14) | BC14: =IF(BA14>0,E14,"") | BD14: =IF(AND(BA14>0,BF14="",AR14=""),BB14,"") | BE14: =IF(BD14="","",E14) | BG14: =IF(AND(BF14>0,BK14="",AR14=""),BB14,"") | BH14: =IF(BG14="","",E14) | BL14: =IF(BK14="","",D14) | BM14: =IF(BK14>0,Q14,"")
B15: 25 | C15: ФЗ 38.27.07 | D15: =IF(C15="","",1) -> 1 | E15: =IFERROR(VLOOKUP($C15,Справочник!$B$2:$F$13,3),"") -> ИП YYY | F15: 44990 | G15: =IF(AND(C15>0,J15="",AR15=""),1,"") | I15: =IF(AND(F15>0,J15="",AR15=""),IFERROR(VLOOKUP($C15,Справочник!$B$2:$F$13,2),""),"") | J15: 45010 | K15: 25 | O15: =IF(J15="","",D15) -> 1 | P15: =IF(J15>0,IFERROR(VLOOKUP($C15,Справочник!$B$2:$F$13,2),""),"") -> ДГ-003/2023 | Q15: =IF(J15>0,E15,"") -> ИП YYY | R15: ФЗ-44 | T15: Услуги | V15: =IFERROR(VLOOKUP($C15,Справочник!$B$2:$F$13,4),"") -> 772011223344 | W15: Обучение персонала | X15: 45012 | Y15: =IF(X15="","",O15) -> 1 | Z15: =IF(X15>0,E15,"") -> ИП YYY | AA15: 45012 | AB15: =IF(AND(AA15>0,AD15="",AR15=""),Y15,"") | AC15: =IF(AND(AA15>0,AD15="",AR15=""),Z15,"") | AD15: 45013 | AE15: =IF(AD15="","",Y15) -> 1 | AF15: Подписан | AG15: =IF(AND(AD15>0,AI15="",AR15=""),Y15,"") -> 1 | AH15: =IF(AND(AD15>0,AI15="",AR15=""),Z15,"") -> ИП YYY | AJ15: =IF(AND(AI15>0,AL15="",AR15=""),Y15,"") | AK15: =IF(AND(AI15>0,AL15="",AR15=""),Z15,"") | AM15: =IF(AND(AL15>0,AR15="",AU15=""),D15,"") | AN15: =IF(AND(AL15>0,AP15="",AR15=""),Z15,"") | AV15: =IF(AU15="","",D15) | AY15: =IF(AU15>0,AX15,"") | AZ15: =IF(AU15>0,AU15,"") | BB15: =IF(BA15="","",O15) | BC15: =IF(BA15>0,E15,"") | BD15: =IF(AND(BA15>0,BF15="",AR15=""),BB15,"") | BE15: =IF(BD15="","",E15) | BG15: =IF(AND(BF15>0,BK15="",AR15=""),BB15,"") | BH15: =IF(BG15="","",E15) | BL15: =IF(BK15="","",D15) | BM15: =IF(BK15>0,Q15,"")
B16: 19 | C16: ФЗ 38.27.10 | D16: =IF(C16="","",1) -> 1 | E16: =IFERROR(VLOOKUP($C16,Справочник!$B$2:$F$13,3),"") -> АО «NNN» | F16: 44986 | G16: =IF(AND(C16>0,J16="",AR16=""),1,"") -> 1 | I16: =IF(AND(F16>0,J16="",AR16=""),IFERROR(VLOOKUP($C16,Справочник!$B$2:$F$13,2),""),"") -> ДГ-012/2023 | K16: 19 | O16: =IF(J16="","",D16) | P16: =IF(J16>0,IFERROR(VLOOKUP($C16,Справочник!$B$2:$F$13,2),""),"") | Q16: =IF(J16>0,E16,"") | R16: ФЗ-44 | T16: Поставка | V16: =IFERROR(VLOOKUP($C16,Справочник!$B$2:$F$13,4),"") -> 7724567890 | W16: Поставка программного обеспечения | Y16: =IF(X16="","",O16) | Z16: =IF(X16>0,E16,"") | AB16: =IF(AND(AA16>0,AD16="",AR16=""),Y16,"") | AC16: =IF(AND(AA16>0,AD16="",AR16=""),Z16,"") | AE16: =IF(AD16="","",Y16) | AG16: =IF(AND(AD16>0,AI16="",AR16=""),Y16,"") | AH16: =IF(AND(AD16>0,AI16="",AR16=""),Z16,"") | AJ16: =IF(AND(AI16>0,AL16="",AR16=""),Y16,"") | AK16: =IF(AND(AI16>0,AL16="",AR16=""),Z16,"") | AM16: =IF(AND(AL16>0,AR16="",AU16=""),D16,"") | AN16: =IF(AND(AL16>0,AP16="",AR16=""),Z16,"") | AV16: =IF(AU16="","",D16) | AY16: =IF(AU16>0,AX16,"") | AZ16: =IF(AU16>0,AU16,"") | BB16: =IF(BA16="","",O16) | BC16: =IF(BA16>0,E16,"") | BD16: =IF(AND(BA16>0,BF16="",AR16=""),BB16,"") | BE16: =IF(BD16="","",E16) | BG16: =IF(AND(BF16>0,BK16="",AR16=""),BB16,"") | BH16: =IF(BG16="","",E16) | BL16: =IF(BK16="","",D16) | BM16: =IF(BK16>0,Q16,"")
B17: 20 | C17: ФЗ 38.27.09 | D17: =IF(C17="","",1) -> 1 | E17: =IFERROR(VLOOKUP($C17,Справочник!$B$2:$F$13,3),"") -> АО «NNN» | F17: 44986 | G17: =IF(AND(C17>0,J17="",AR17=""),1,"") -> 1 | I17: =IF(AND(F17>0,J17="",AR17=""),IFERROR(VLOOKUP($C17,Справочник!$B$2:$F$13,2),""),"") -> ДГ-012/2023 | K17: 20 | O17: =IF(J17="","",D17) | P17: =IF(J17>0,IFERROR(VLOOKUP($C17,Справочник!$B$2:$F$13,2),""),"") | Q17: =IF(J17>0,E17,"") | R17: ФЗ-44 | T17: Услуги | V17: =IFERROR(VLOOKUP($C17,Справочник!$B$2:$F$13,4),"") -> 7724567890 | W17: Техническая поддержка ИС | Y17: =IF(X17="","",O17) | Z17: =IF(X17>0,E17,"") | AB17: =IF(AND(AA17>0,AD17="",AR17=""),Y17,"") | AC17: =IF(AND(AA17>0,AD17="",AR17=""),Z17,"") | AE17: =IF(AD17="","",Y17) | AG17: =IF(AND(AD17>0,AI17="",AR17=""),Y17,"") | AH17: =IF(AND(AD17>0,AI17="",AR17=""),Z17,"") | AJ17: =IF(AND(AI17>0,AL17="",AR17=""),Y17,"") | AK17: =IF(AND(AI17>0,AL17="",AR17=""),Z17,"") | AM17: =IF(AND(AL17>0,AR17="",AU17=""),D17,"") | AN17: =IF(AND(AL17>0,AP17="",AR17=""),Z17,"") | AV17: =IF(AU17="","",D17) | AY17: =IF(AU17>0,AX17,"") | AZ17: =IF(AU17>0,AU17,"") | BB17: =IF(BA17="","",O17) | BC17: =IF(BA17>0,E17,"") | BD17: =IF(AND(BA17>0,BF17="",AR17=""),BB17,"") | BE17: =IF(BD17="","",E17) | BG17: =IF(AND(BF17>0,BK17="",AR17=""),BB17,"") | BH17: =IF(BG17="","",E17) | BL17: =IF(BK17="","",D17) | BM17: =IF(BK17>0,Q17,"")
B18: 24 | C18: ФЗ 38.27.07 | D18: =IF(C18="","",1) -> 1 | E18: =IFERROR(VLOOKUP($C18,Справочник!$B$2:$F$13,3),"") -> ИП YYY | F18: 44990 | G18: =IF(AND(C18>0,J18="",AR18=""),1,"") -> 1 | I18: =IF(AND(F18>0,J18="",AR18=""),IFERROR(VLOOKUP($C18,Справочник!$B$2:$F$13,2),""),"") -> ДГ-003/2023 | K18: 24 | O18: =IF(J18="","",D18) | P18: =IF(J18>0,IFERROR(VLOOKUP($C18,Справочник!$B$2:$F$13,2),""),"") | Q18: =IF(J18>0,E18,"") | R18: ФЗ-44 | T18: Услуги | V18: =IFERROR(VLOOKUP($C18,Справочник!$B$2:$F$13,4),"") -> 772011223344 | W18: Консультационные услуги | Y18: =IF(X18="","",O18) | Z18: =IF(X18>0,E18,"") | AB18: =IF(AND(AA18>0,AD18="",AR18=""),Y18,"") | AC18: =IF(AND(AA18>0,AD18="",AR18=""),Z18,"") | AE18: =IF(AD18="","",Y18) | AG18: =IF(AND(AD18>0,AI18="",AR18=""),Y18,"") | AH18: =IF(AND(AD18>0,AI18="",AR18=""),Z18,"") | AJ18: =IF(AND(AI18>0,AL18="",AR18=""),Y18,"") | AK18: =IF(AND(AI18>0,AL18="",AR18=""),Z18,"") | AM18: =IF(AND(AL18>0,AR18="",AU18=""),D18,"") | AN18: =IF(AND(AL18>0,AP18="",AR18=""),Z18,"") | AV18: =IF(AU18="","",D18) | AY18: =IF(AU18>0,AX18,"") | AZ18: =IF(AU18>0,AU18,"") | BB18: =IF(BA18="","",O18) | BC18: =IF(BA18>0,E18,"") | BD18: =IF(AND(BA18>0,BF18="",AR18=""),BB18,"") | BE18: =IF(BD18="","",E18) | BG18: =IF(AND(BF18>0,BK18="",AR18=""),BB18,"") | BH18: =IF(BG18="","",E18) | BL18: =IF(BK18="","",D18) | BM18: =IF(BK18>0,Q18,"")
B19: 26 | C19: ФЗ 38.27.08 | D19: =IF(C19="","",1) -> 1 | E19: =IFERROR(VLOOKUP($C19,Справочник!$B$2:$F$13,3),"") -> ООО «DDD» | F19: 44990 | G19: =IF(AND(C19>0,J19="",AR19=""),1,"") -> 1 | I19: =IF(AND(F19>0,J19="",AR19=""),IFERROR(VLOOKUP($C19,Справочник!$B$2:$F$13,2),""),"") -> ДГ-006/2023 | K19: 26 | O19: =IF(J19="","",D19) | P19: =IF(J19>0,IFERROR(VLOOKUP($C19,Справочник!$B$2:$F$13,2),""),"") | Q19: =IF(J19>0,E19,"") | R19: ФЗ-44 | T19: Услуги | V19: =IFERROR(VLOOKUP($C19,Справочник!$B$2:$F$13,4),"") -> 7706543217 | W19: Разработка технической документации | X19: 45012 | Y19: =IF(X19="","",O19) | Z19: =IF(X19>0,E19,"") -> ООО «DDD» | AB19: =IF(AND(AA19>0,AD19="",AR19=""),Y19,"") | AC19: =IF(AND(AA19>0,AD19="",AR19=""),Z19,"") | AE19: =IF(AD19="","",Y19) | AG19: =IF(AND(AD19>0,AI19="",AR19=""),Y19,"") | AH19: =IF(AND(AD19>0,AI19="",AR19=""),Z19,"") | AJ19: =IF(AND(AI19>0,AL19="",AR19=""),Y19,"") | AK19: =IF(AND(AI19>0,AL19="",AR19=""),Z19,"") | AM19: =IF(AND(AL19>0,AR19="",AU19=""),D19,"") | AN19: =IF(AND(AL19>0,AP19="",AR19=""),Z19,"") | AV19: =IF(AU19="","",D19) | AY19: =IF(AU19>0,AX19,"") | AZ19: =IF(AU19>0,AU19,"") | BB19: =IF(BA19="","",O19) | BC19: =IF(BA19>0,E19,"") | BD19: =IF(AND(BA19>0,BF19="",AR19=""),BB19,"") | BE19: =IF(BD19="","",E19) | BG19: =IF(AND(BF19>0,BK19="",AR19=""),BB19,"") | BH19: =IF(BG19="","",E19) | BL19: =IF(BK19="","",D19) | BM19: =IF(BK19>0,Q19,"")
B20: 29 | C20: ФЗ 38.27.05 | D20: =IF(C20="","",1) -> 1 | E20: =IFERROR(VLOOKUP($C20,Справочник!$B$2:$F$13,3),"") -> ИП YYY | F20: 44995 | G20: =IF(AND(C20>0,J20="",AR20=""),1,"") -> 1 | I20: =IF(AND(F20>0,J20="",AR20=""),IFERROR(VLOOKUP($C20,Справочник!$B$2:$F$13,2),""),"") -> ДГ-003/2023 | K20: 29 | O20: =IF(J20="","",D20) | P20: =IF(J20>0,IFERROR(VLOOKUP($C20,Справочник!$B$2:$F$13,2),""),"") | Q20: =IF(J20>0,E20,"") | R20: ФЗ-44 | T20: Услуги | V20: =IFERROR(VLOOKUP($C20,Справочник!$B$2:$F$13,4),"") -> 772011223344 | W20: Настройка и конфигурация серверов | Y20: =IF(X20="","",O20) | Z20: =IF(X20>0,E20,"") | AB20: =IF(AND(AA20>0,AD20="",AR20=""),Y20,"") | AC20: =IF(AND(AA20>0,AD20="",AR20=""),Z20,"") | AE20: =IF(AD20="","",Y20) | AG20: =IF(AND(AD20>0,AI20="",AR20=""),Y20,"") | AH20: =IF(AND(AD20>0,AI20="",AR20=""),Z20,"") | AJ20: =IF(AND(AI20>0,AL20="",AR20=""),Y20,"") | AK20: =IF(AND(AI20>0,AL20="",AR20=""),Z20,"") | AM20: =IF(AND(AL20>0,AR20="",AU20=""),D20,"") | AN20: =IF(AND(AL20>0,AP20="",AR20=""),Z20,"") | AV20: =IF(AU20="","",D20) | AY20: =IF(AU20>0,AX20,"") | AZ20: =IF(AU20>0,AU20,"") | BB20: =IF(BA20="","",O20) | BC20: =IF(BA20>0,E20,"") | BD20: =IF(AND(BA20>0,BF20="",AR20=""),BB20,"") | BE20: =IF(BD20="","",E20) | BG20: =IF(AND(BF20>0,BK20="",AR20=""),BB20,"") | BH20: =IF(BG20="","",E20) | BL20: =IF(BK20="","",D20) | BM20: =IF(BK20>0,Q20,"")
B21: 32 | C21: К 26.45.01 | D21: =IF(C21="","",1) -> 1 | E21: =IFERROR(VLOOKUP($C21,Справочник!$B$2:$F$13,3),"") | F21: 45000 | G21: =IF(AND(C21>0,J21="",AR21=""),1,"") -> 1 | I21: =IF(AND(F21>0,J21="",AR21=""),IFERROR(VLOOKUP($C21,Справочник!$B$2:$F$13,2),""),"") | K21: 32 | O21: =IF(J21="","",D21) | P21: =IF(J21>0,IFERROR(VLOOKUP($C21,Справочник!$B$2:$F$13,2),""),"") | Q21: =IF(J21>0,E21,"") | R21: КС | T21: Подряд КС | V21: =IFERROR(VLOOKUP($C21,Справочник!$B$2:$F$13,4),"") | W21: Монтаж распределительных щитов | X21: 45028 | Y21: =IF(X21="","",O21) | Z21: =IF(X21>0,E21,"") | AA21: 45028 | AB21: =IF(AND(AA21>0,AD21="",AR21=""),Y21,"") | AC21: =IF(AND(AA21>0,AD21="",AR21=""),Z21,"") | AE21: =IF(AD21="","",Y21) | AG21: =IF(AND(AD21>0,AI21="",AR21=""),Y21,"") | AH21: =IF(AND(AD21>0,AI21="",AR21=""),Z21,"") | AJ21: =IF(AND(AI21>0,AL21="",AR21=""),Y21,"") | AK21: =IF(AND(AI21>0,AL21="",AR21=""),Z21,"") | AM21: =IF(AND(AL21>0,AR21="",AU21=""),D21,"") | AN21: =IF(AND(AL21>0,AP21="",AR21=""),Z21,"") | AV21: =IF(AU21="","",D21) | AY21: =IF(AU21>0,AX21,"") | AZ21: =IF(AU21>0,AU21,"") | BB21: =IF(BA21="","",O21) | BC21: =IF(BA21>0,E21,"") | BD21: =IF(AND(BA21>0,BF21="",AR21=""),BB21,"") | BE21: =IF(BD21="","",E21) | BG21: =IF(AND(BF21>0,BK21="",AR21=""),BB21,"") | BH21: =IF(BG21="","",E21) | BL21: =IF(BK21="","",D21) | BM21: =IF(BK21>0,Q21,"")
B22: 36 | C22: К 26.45.07 | D22: =IF(C22="","",1) -> 1 | E22: =IFERROR(VLOOKUP($C22,Справочник!$B$2:$F$13,3),"") -> ИП YYY | F22: 45005 | G22: =IF(AND(C22>0,J22="",AR22=""),1,"") -> 1 | I22: =IF(AND(F22>0,J22="",AR22=""),IFERROR(VLOOKUP($C22,Справочник!$B$2:$F$13,2),""),"") -> ДГ-003/2023 | K22: 36 | O22: =IF(J22="","",D22) | P22: =IF(J22>0,IFERROR(VLOOKUP($C22,Справочник!$B$2:$F$13,2),""),"") | Q22: =IF(J22>0,E22,"") | R22: КС | T22: Подряд КС | V22: =IFERROR(VLOOKUP($C22,Справочник!$B$2:$F$13,4),"") -> 772011223344 | W22: Испытания и наладка системы | X22: 45033 | Y22: =IF(X22="","",O22) | Z22: =IF(X22>0,E22,"") -> ИП YYY | AA22: 45033 | AB22: =IF(AND(AA22>0,AD22="",AR22=""),Y22,"") | AC22: =IF(AND(AA22>0,AD22="",AR22=""),Z22,"") | AD22: 45034 | AE22: =IF(AD22="","",Y22) | AF22: Подписан КС | AG22: =IF(AND(AD22>0,AI22="",AR22=""),Y22,"") | AH22: =IF(AND(AD22>0,AI22="",AR22=""),Z22,"") | AI22: 45036 | AJ22: =IF(AND(AI22>0,AL22="",AR22=""),Y22,"") | AK22: =IF(AND(AI22>0,AL22="",AR22=""),Z22,"") -> ИП YYY | AM22: =IF(AND(AL22>0,AR22="",AU22=""),D22,"") | AN22: =IF(AND(AL22>0,AP22="",AR22=""),Z22,"") | AV22: =IF(AU22="","",D22) | AY22: =IF(AU22>0,AX22,"") | AZ22: =IF(AU22>0,AU22,"") | BB22: =IF(BA22="","",O22) | BC22: =IF(BA22>0,E22,"") | BD22: =IF(AND(BA22>0,BF22="",AR22=""),BB22,"") | BE22: =IF(BD22="","",E22) | BG22: =IF(AND(BF22>0,BK22="",AR22=""),BB22,"") | BH22: =IF(BG22="","",E22) | BL22: =IF(BK22="","",D22) | BM22: =IF(BK22>0,Q22,"")
B23: 55 | C23: К 26.45.01 | D23: =IF(C23="","",1) -> 1 | E23: =IFERROR(VLOOKUP($C23,Справочник!$B$2:$F$13,3),"") | F23: 45017 | G23: =IF(AND(C23>0,J23="",AR23=""),1,"") -> 1 | I23: =IF(AND(F23>0,J23="",AR23=""),IFERROR(VLOOKUP($C23,Справочник!$B$2:$F$13,2),""),"") | K23: 55 | O23: =IF(J23="","",D23) | P23: =IF(J23>0,IFERROR(VLOOKUP($C23,Справочник!$B$2:$F$13,2),""),"") | Q23: =IF(J23>0,E23,"") | R23: КС | T23: Подряд КС | V23: =IFERROR(VLOOKUP($C23,Справочник!$B$2:$F$13,4),"") | W23: Пусконаладочные работы | Y23: =IF(X23="","",O23) | Z23: =IF(X23>0,E23,"") | AB23: =IF(AND(AA23>0,AD23="",AR23=""),Y23,"") | AC23: =IF(AND(AA23>0,AD23="",AR23=""),Z23,"") | AE23: =IF(AD23="","",Y23) | AG23: =IF(AND(AD23>0,AI23="",AR23=""),Y23,"") | AH23: =IF(AND(AD23>0,AI23="",AR23=""),Z23,"") | AJ23: =IF(AND(AI23>0,AL23="",AR23=""),Y23,"") | AK23: =IF(AND(AI23>0,AL23="",AR23=""),Z23,"") | AM23: =IF(AND(AL23>0,AR23="",AU23=""),D23,"") | AN23: =IF(AND(AL23>0,AP23="",AR23=""),Z23,"") | AV23: =IF(AU23="","",D23) | AY23: =IF(AU23>0,AX23,"") | AZ23: =IF(AU23>0,AU23,"") | BB23: =IF(BA23="","",O23) | BC23: =IF(BA23>0,E23,"") | BD23: =IF(AND(BA23>0,BF23="",AR23=""),BB23,"") | BE23: =IF(BD23="","",E23) | BG23: =IF(AND(BF23>0,BK23="",AR23=""),BB23,"") | BH23: =IF(BG23="","",E23) | BL23: =IF(BK23="","",D23) | BM23: =IF(BK23>0,Q23,"")

Sheet Справочник
B1: Код позиции | C1: № договора | D1: Наименование исполнителя | E1: ИНН | F1: Сумма договора, тыс
B2: К 28.48.05 | C2: ДГ-001/2023 | D2: ООО «AAAA» | E2: 7701234567 | F2: 1500
B3: К 28.48.04 | C3: ДГ-002/2023 | D3: АО «BBB» | E3: 7709876543 | F3: 2300
B4: К 26.45.07 | C4: ДГ-003/2023 | D4: ИП YYY | E4: 772011223344 | F4: 450
B5: ФЗ 38.27.10 | C5: ДГ-004/2023 | D5: ООО «UUU» | E5: 7714567890 | F5: 3800
B6: ФЗ 38.27.09 | C6: ДГ-005/2023 | D6: ЗАО «PPP» | E6: 7703214569 | F6: 1200
B7: ФЗ 38.27.08 | C7: ДГ-006/2023 | D7: ООО «DDD» | E7: 7706543217 | F7: 2700
B8: ФЗ 38.27.07 | C8: ДГ-007/2023 | D8: АО «GGG» | E8: 7708901236 | F8: 980
B9: ФЗ 38.27.05 | C9: ДГ-008/2023 | D9: ООО «RRR» | E9: 7712345678 | F9: 4100
B10: К 26.45.01 | C10: ДГ-009/2023 | D10: ГУП «BBB» | E10: 7715678901 | F10: 6500
B11: К 28.48.03 | C11: ДГ-010/2023 | D11: ООО «QQQ» | E11: 7718901234 | F11: 1750
B12: К 26.45.06 | C12: ДГ-011/2023 | D12: ООО «ZZZ» | E12: 7721234567 | F12: 3200
B13: ФЗ 38.27.06 | C13: ДГ-012/2023 | D13: АО «NNN» | E13: 7724567890 | F13: 2150
